{

    "loss": 1.1983329057693481,
    "accuracy": 0.843137264251709
}
