{
    "loss": 9.64404582977295,
    "accuracy": 0.8186274766921997
}
