{
<<<<<<< HEAD
    "loss": 1.1983329057693481,
    "accuracy": 0.843137264251709
}
=======
    "loss": 9.64404582977295,
    "accuracy": 0.8186274766921997
}
>>>>>>> 8f3b2500fdcbd9a9c9531fc67fd7ad99f982f0e7
