{
    "loss": 20.203123092651367,
    "accuracy": 0.5686274766921997
}