{
    "loss": 26.233936309814453,
    "accuracy": 0.4313725531101227
}