{
    "loss": 2.466848134994507,
    "accuracy": 0.5490196347236633
}